"scenario","R_median_ms","Cpp_median_ms","speedup"
"Poisson, chi-sq, all, p=2, n=1000",5.693465,2.4804385,2.29534616560741
"Poisson, chi-sq, all, p=5, n=1000",51.7736315,14.945525,3.4641560935464
"Poisson, chi-sq, step, p=5, n=1000",49.2158465,34.078954,1.44417127650103
"Binomial, boot B=50, all, p=2, n=2000",399.34123,45.72238,8.73404293477286
"Binomial, boot B=50, all, p=5, n=3000",6537.981483,916.163327,7.13626194186225
"Binomial, boot B=50, step, p=5, n=3000",3007.651391,441.836418,6.8071604523102
"Poisson, chi-sq, all, p=3, n=10000",80.307766,25.306512,3.17340319361277
